NAICs,STATE,2010,2009,2008,2007,2006,2005,2004,2003,2002,2001,2000
10,AL,276932,274064,268998,260120,248104,236358,227912,221254,212946,203536,195505
11,AL,33259,31521,31646,30172,28839,27902,27022,26194,24967,24518,23975
323115,AL,44752,47102,50120,46188,45914,42757,0,0,0,0,*
33411,AL,59722,67005,61477,58631,67547,59981,59909,53534,52195,49866,49169
334611,AL,0,0,92516,0,0,0,0,0,0,60521,*
423430,AL,109083,103848,98832,97794,90973,89079,89935,86214,83155,77110,75350
425110,AL,79070,74088,80321,76962,67974,63359,60734,55241,50950,53108,49548
443120,AL,41079,41209,37301,38570,43100,40024,38998,38437,38387,39384,39483
454111,AL,0,0,0,27681,23173,0,0,0,15639,0,*
51,AL,163925,162710,155906,148245,143592,131336,130370,126617,122081,114274,110184
511210,AL,66218,58057,61062,61254,61189,56863,58280,58759,55628,56385,62411
518,AL,50592,48224,49350,47270,44736,46445,44745,44233,38984,43896,42787
519130,AL,51210,43608,48027,48030,*,*,*,*,*,*,*
52,AL,127551,125386,125179,121624,119145,115948,109408,105790,99041,93956,89535
522320,AL,36191,35755,31708,30397,29108,31562,26566,27478,26799,27280,25085
54151,AL,128945,127003,122574,123655,116929,115382,115160,108122,143871,93663,87742
611420,AL,0,0,0,0,0,34273,36483,35418,33731,36341,34468
811212,AL,43111,42264,45935,62970,59955,58516,49192,45107,43205,42470,43157
811213,AL,66813,60996,63493,57108,52498,45426,40501,47610,51696,39829,31271
10,AK,310400,300506,292556,284379,272264,264863,256216,247217,241619,234515,232701
11,AK,42632,39458,40912,39240,38076,40166,39866,40310,41351,0,43952
323115,AK,25678,22542,21305,21018,0,0,0,0,0,0,*
33411,AK,0,0,0,*,*,*,*,0,*,*,*
423430,AK,97887,73529,71140,66062,80394,66459,77512,61260,57059,36572,37636
425110,AK,63020,59351,44918,48235,39625,46685,46227,47202,0,50636,47723
443120,AK,44245,43866,47692,39795,39012,38430,36789,32402,30723,33381,33592
454111,AK,19053,18268,0,0,29628,21994,0,0,0,0,*
51,AK,98316,99336,98913,98733,105962,111868,104760,93021,89813,68970,43807
511210,AK,0,0,0,0,0,0,44258,44967,50736,0,*
518,AK,49942,53098,47178,40862,38717,38195,39165,36946,34691,35368,36206
519130,AK,31130,43192,31089,0,*,*,*,*,*,*,*
52,AK,139175,126855,124521,119151,117196,115930,107219,106627,102408,98005,95988
522320,AK,0,0,0,27883,0,0,19370,0,0,0,*
54151,AK,129187,124634,126138,123943,121966,116307,104054,95585,97678,96128,88795
611420,AK,0,0,0,0,0,0,0,0,18651,21794,*
811212,AK,43487,46328,44761,42807,40337,41685,43592,41222,38050,36242,36225
811213,AK,0,45699,0,0,0,0,0,34574,34906,34084,*
10,AZ,280957,283264,281159,274522,263886,250968,240317,229353,221628,214736,205964
11,AZ,25822,24860,55305,53006,21374,20932,46657,45533,44198,43769,15922
323115,AZ,38508,35892,38842,38270,38227,40430,41737,38718,38781,36008,31745
33411,AZ,87634,82357,81767,72811,91556,87881,82301,79615,78652,74388,68834
334611,AZ,47621,55679,51264,54723,60078,0,55045,58487,65708,64977,63584
423430,AZ,94205,93236,98379,98111,94022,87554,86950,86840,84988,88904,84451
425110,AZ,66441,56661,57992,55636,56916,53021,50275,53986,52539,54372,55290
443120,AZ,61452,57243,57146,55076,52967,48253,46603,43816,40430,42344,40897
454111,AZ,50429,51783,53717,51475,48494,43752,43450,37569,41483,36888,39805
51,AZ,122173,89455,86172,84009,80783,76152,73193,70331,69023,68035,70101
511210,AZ,88665,82158,79616,75271,72183,67313,64191,64495,62579,62562,56635
518,AZ,66468,64011,61274,59377,55464,48679,45017,45529,43852,43650,46561
519130,AZ,73484,67138,64001,57119,*,*,*,*,*,*,*
52,AZ,139767,135034,135731,132019,131106,128334,117406,110691,103631,97864,93090
522320,AZ,39335,39740,38791,40439,39566,38095,36898,36046,32920,32388,28850
54151,AZ,193390,200906,195959,182657,178108,183634,128357,63721,64423,63836,61828
611420,AZ,58695,60703,58456,70143,63964,64902,76905,56671,57109,57188,53915
811212,AZ,54014,47089,45047,43026,43830,43633,41625,40425,38007,38675,42489
811213,AZ,116833,85382,82773,67764,55280,54922,51065,45448,54622,48607,49614
10,AR,241794,243434,237695,230447,223160,214038,206381,195864,189006,182400,174411
11,AR,31627,30069,29945,28755,27852,26560,25722,24939,23925,23411,22242
323115,AR,29400,22484,22934,27880,27453,26610,0,0,0,0,*
33411,AR,0,0,0,0,0,0,0,0,0,0,*
334611,AR,0,0,0,0,0,0,0,0,0,0,*
423430,AR,103494,89755,94132,94344,89169,90193,88875,84362,85221,87902,83387
425110,AR,57470,48798,53374,56004,51133,49919,43815,38195,39908,36871,35559
443120,AR,0,0,0,0,0,0,0,0,29605,29093,*
454111,AR,39418,40309,35960,32315,0,27378,31331,0,0,0,*
51,AR,164431,189792,168353,192252,157434,153078,156289,151548,143365,146388,95436
511210,AR,63871,64708,60395,55977,55931,55014,57871,53134,55036,50834,48196
518,AR,49167,58788,62424,57240,54475,51446,49598,47990,45881,42679,39302
519130,AR,43381,39945,39169,33592,*,*,*,*,*,*,*
52,AR,119037,119897,118042,112464,108034,107275,100907,97084,92476,90051,85954
522320,AR,56260,43501,39969,37556,37942,47367,44412,28928,24680,27242,23967
54151,AR,68372,68455,67757,68313,68651,66223,67073,60479,56232,56927,57309
611420,AR,0,0,0,0,0,0,31002,32167,32264,29576,35217
811212,AR,40099,38652,38960,39804,34351,32917,33364,34884,32254,33465,32527
811213,AR,33164,30681,31853,32740,33282,28667,27092,28479,28060,35372,31556
10,CA,345514,335765,334829,326157,312110,299638,291100,279568,271336,264546,256149
11,CA,24773,24367,24126,65109,22337,59348,57315,19914,48141,18697,48621
323115,CA,49286,45731,48635,47616,46146,42518,41628,39552,39156,40783,41308
33411,CA,185735,140888,145516,175559,162142,134904,117056,109398,100790,106164,176724
334611,CA,111436,101204,74113,68297,73354,72190,79535,82972,102811,102621,97288
423430,CA,117623,115686,111709,113995,106180,95346,89242,85296,79783,79468,76228
425110,CA,74230,70985,69809,73196,68736,66219,62058,59312,58458,64203,62098
443120,CA,133065,102445,97127,100123,88071,83121,75456,68887,66098,67135,69042
454111,CA,68868,63553,59170,57458,57957,57710,56138,51746,56843,66825,64530
51,CA,179678,224656,214316,203592,194841,188339,182614,166893,148512,146520,133613
511210,CA,157257,134373,142239,142373,133523,124289,120786,106773,105543,116422,134369
518,CA,123711,98764,96193,95293,127900,132980,123145,94600,78437,80320,95435
519130,CA,170487,156936,157269,180009,*,*,*,*,*,*,*
52,CA,202247,252027,258180,253241,241122,237116,213610,216604,206683,200575,191665
522320,CA,86263,72577,88973,87132,78719,81129,85147,53380,82162,77020,69770
54151,CA,163083,233654,229753,153898,144928,133541,124932,126262,133652,134736,139674
611420,CA,53279,55671,57636,58059,53805,50333,45086,44869,45802,47010,45648
811212,CA,49107,48620,48441,47079,46498,45193,46272,45522,42610,41181,36590
811213,CA,48491,44921,48291,53220,47172,44098,39431,39896,44567,41043,36908
10,CO,305152,301047,296659,285974,275909,266752,258692,248469,241986,234466,225565
11,CO,29096,28613,28403,26764,25358,24441,24055,23319,22684,22346,21578
323115,CO,39931,43811,45176,45292,48479,55145,42849,43336,45236,42254,41328
33411,CO,103486,97307,94569,100655,103609,107626,92422,91275,84442,79185,78986
334611,CO,111989,102307,101017,113666,103258,95008,102566,99296,91257,90996,114686
423430,CO,124723,114832,115170,118075,110100,102827,98304,100512,96224,96003,117319
425110,CO,93569,89092,87568,97542,87020,83651,79507,79135,66371,71765,76063
443120,CO,69953,55019,53422,51477,46449,45000,45017,41789,39040,40493,46087
454111,CO,53078,49156,50729,50645,52023,53683,49540,46669,48698,51054,*
51,CO,160958,153597,153075,154757,151299,141425,137229,130072,121376,120838,126020
511210,CO,110521,107215,105507,102554,95917,91973,85293,81964,78952,78198,78406
518,CO,87514,83239,89262,79112,79683,77077,68956,62908,63074,67755,70051
519130,CO,82237,78789,78287,91736,*,*,*,*,*,*,*
52,CO,223379,204304,194519,190611,185363,179994,166203,162605,160785,156314,147803
522320,CO,75485,69047,67977,73774,61009,51233,52547,54852,48691,49863,49211
54151,CO,146366,139738,145301,135166,130859,127897,114114,115220,74250,75829,76106
611420,CO,0,0,0,0,0,0,0,0,0,54541,*
811212,CO,49573,45544,46017,43156,43071,40797,40869,39657,41446,39673,38321
811213,CO,44563,44779,45950,43978,40968,39527,40029,40650,37606,35818,38210
10,CT,349989,347503,338829,332705,313310,312287,303683,285381,277395,271718,261487
11,CT,28924,28794,28410,27639,26829,25996,25373,24755,24596,23928,23667
323115,CT,40213,39802,38595,36213,35536,33432,32961,35678,32611,38513,*
33411,CT,64698,66717,69438,66867,68043,67115,71204,66086,60663,54403,57228
334611,CT,*,*,*,*,0,0,0,0,0,0,*
423430,CT,121001,117876,118269,127382,113024,102265,102631,107847,102030,110540,138971
425110,CT,80620,78238,84417,81505,73251,71689,71429,72986,68815,74510,70859
443120,CT,85090,80758,74816,74797,72196,69828,66000,63403,63914,63593,58930
454111,CT,0,0,0,0,0,0,0,0,0,0,*
51,CT,233116,233840,157689,156264,149640,146328,139934,132984,126945,126833,78956
511210,CT,115445,105063,111363,125807,101344,104961,102434,95269,94641,91007,91223
518,CT,69931,64988,61619,61023,70618,65967,65618,60072,59923,61360,62792
519130,CT,157876,132904,102625,102971,*,*,*,*,*,*,*
52,CT,246664,223383,234810,234663,217808,210692,196728,178965,169916,167700,160892
522320,CT,69358,69699,71403,79246,95039,98899,113826,99355,78191,68249,71663
54151,CT,101386,183458,183442,97427,92252,92177,89509,86711,86207,87810,87821
611420,CT,72383,61553,52679,50941,50292,54597,50084,46370,38675,38711,36273
811212,CT,53023,56555,54383,58206,57794,54749,56175,44854,42308,43853,48124
811213,CT,47309,52215,52431,45456,44234,43294,42486,54591,52101,53790,47058
10,DE,301878,303762,300879,292169,282998,272421,263304,252100,247464,230368,222993
11,DE,0,0,0,33084,31203,31043,30604,27461,26387,0,23870
323115,DE,46687,44729,43109,38415,36137,33569,30005,29154,0,23346,*
33411,DE,95372,0,76961,0,167515,312484,0,0,0,0,*
334611,DE,0,0,0,0,0,0,0,0,0,0,*
423430,DE,91177,79831,83860,81412,76650,73666,69343,66444,68915,80874,102759
425110,DE,52252,51795,54344,163769,66880,60839,62896,51021,44782,47557,46362
443120,DE,45263,52027,0,0,0,25989,26019,28854,27901,26622,24793
454111,DE,34996,32728,34032,32109,36452,31240,0,0,0,0,*
51,DE,90096,93193,55062,54658,53777,52195,53341,51284,50864,50115,49347
511210,DE,82285,78616,76258,82409,75585,77036,71933,54580,59381,65380,85470
518,DE,78342,78889,78810,78339,74585,73277,72450,69388,70585,67637,69550
519130,DE,68265,71693,86533,66672,*,*,*,*,*,*,*
52,DE,163533,148966,152905,153722,153759,154306,132956,128551,115606,108763,97347
522320,DE,73786,78956,79851,96588,76001,73377,102520,100252,67931,50924,46709
54151,DE,78826,149921,135928,136847,148734,73567,73568,73482,70149,70440,65902
611420,DE,59498,59275,62363,61746,0,58709,53110,46818,0,51806,51158
811212,DE,52593,50793,49745,52006,48152,54807,57108,61795,57339,43307,46276
811213,DE,36387,38891,37442,35068,34362,33235,33257,38370,33856,38482,*
10,DC,489233,476843,463482,438707,420638,398515,382698,364089,351198,337198,318273
11,DC,*,*,*,*,*,*,*,*,0,0,80368
323115,DC,161284,154154,154649,161760,153701,79009,78791,127845,65439,62957,62067
33411,DC,0,0,0,0,0,92136,95700,88010,83401,71889,75859
334611,DC,0,84033,94854,78697,0,0,0,0,0,0,*
423430,DC,142022,135338,123691,121574,104371,104517,95756,90262,80034,85781,78893
425110,DC,0,0,0,0,0,0,0,0,0,40164,*
443120,DC,81406,76183,94680,89749,74884,78316,86759,98079,79450,75471,53084
454111,DC,0,43400,38860,41255,53961,60509,51099,0,0,0,*
51,DC,193179,190007,191071,176602,169702,164970,153136,143933,137826,58882,127064
511210,DC,131582,132302,143888,149577,139132,119050,116347,121686,115399,119721,81113
518,DC,112568,98094,95629,82577,92653,83159,76795,69763,66897,70777,59324
519130,DC,108317,97009,106186,97754,*,*,*,*,*,*,*
52,DC,252328,235081,247403,245281,228735,214862,206574,190090,182380,182758,176270
522320,DC,0,28227,33971,0,61520,68015,82009,78688,80030,68172,54517
54151,DC,92329,88872,86151,82826,78852,73792,70837,67001,65107,62454,57603
611420,DC,0,0,0,0,64130,57362,49619,43414,53501,0,46071
811212,DC,0,53161,52662,79331,67130,58349,51019,50225,49873,44523,39370
811213,DC,*,*,*,*,*,0,0,0,0,0,*
10,FL,281840,281426,276394,269643,259094,248170,238749,224332,217233,208527,202573
11,FL,68047,21526,22300,22512,54450,53538,49931,48209,47501,18160,18171
323115,FL,37021,35282,34452,35179,35768,38124,35128,37216,36614,36778,33299
33411,FL,69790,64438,60846,58371,59039,56650,59088,59715,60145,57398,61610
334611,FL,57921,54358,57632,0,52195,48513,50615,53989,56230,67037,50295
423430,FL,106289,99997,95617,94082,92458,83983,84365,81694,77896,76140,75789
425110,FL,62695,58505,77242,69685,58877,56760,53403,52630,52058,54559,48402
443120,FL,64159,59230,52907,54102,50109,50244,49532,49279,51258,53392,50178
454111,FL,44663,42388,43128,43008,44901,44372,42188,41093,38221,39470,37148
51,FL,183160,192875,182125,178704,172017,170568,79956,75398,72105,102979,70353
511210,FL,111203,95227,93308,95536,95165,86407,83727,79593,73724,79725,84858
518,FL,76028,71482,64835,66016,59684,90143,92672,92152,53905,58489,53648
519130,FL,70255,69418,67557,73949,*,*,*,*,*,*,*
52,FL,224409,138193,139523,216911,211495,198635,187777,178931,175216,159881,102851
522320,FL,65915,66652,63097,65039,68522,58091,56417,51594,46072,48967,45936
54151,FL,75600,73746,73922,73150,70056,66390,61712,59926,60127,61844,65134
611420,FL,47539,49670,49571,55063,53026,52019,44045,39242,39709,43079,41712
811212,FL,39106,39034,38348,41511,41601,38895,39837,38344,37258,36799,35800
811213,FL,60538,59787,56187,54261,51734,48571,46158,44363,42633,41748,41658
10,GA,272772,269458,264404,259682,249468,241466,233286,227805,220100,211039,203690
11,GA,27207,26808,26873,26670,25507,24568,61319,21859,21250,21639,20624
323115,GA,42106,40599,43511,43433,43910,42044,41095,40792,39186,41340,40226
33411,GA,84058,80864,77708,79455,76589,73201,72403,65289,75478,68243,58583
334611,GA,74249,72839,74356,70134,59427,99176,71875,76193,67170,72686,78990
423430,GA,109977,104699,106477,106690,98373,93716,90279,89229,86210,85939,85636
425110,GA,57794,57487,60981,62273,63082,58232,56430,52360,48678,51466,53692
443120,GA,68028,59727,50735,50110,50315,48536,49293,49823,49988,51806,49992
454111,GA,49163,49057,49131,48262,45386,45131,51630,52340,53037,50994,*
51,GA,176127,173376,170886,170768,161279,156541,149372,138479,132088,97666,101681
511210,GA,111916,108769,111556,117777,101481,95634,88456,90464,81001,81135,92063
518,GA,78521,77493,73564,82118,72747,67693,63969,59958,58796,57316,65273
519130,GA,86110,85331,80913,90062,*,*,*,*,*,*,*
52,GA,169238,156332,157510,151107,146066,142380,134780,129133,125016,117501,112071
522320,GA,85891,79588,74589,75555,73987,70553,76596,44514,40463,40120,43503
54151,GA,135594,133590,130366,127483,123070,117700,159814,119344,171691,168745,169533
611420,GA,57887,59561,57355,48358,49029,45611,43886,41907,41495,43979,*
811212,GA,52380,49232,51743,51700,48390,45910,44158,44192,47200,46520,57630
811213,GA,36813,37872,51814,47689,43955,44960,44290,40444,40649,43070,45646
10,HI,294986,292724,286962,278385,265315,254975,244263,235781,228450,215967,211743
11,HI,31037,31099,30545,29568,28342,26767,25121,25254,24731,24122,24435
323115,HI,29804,30300,32241,33107,31581,25252,23241,31505,34578,32501,21289
33411,HI,0,0,0,0,0,0,0,0,0,0,*
423430,HI,102849,94213,91334,92894,94508,86923,116270,98219,106766,104711,99901
425110,HI,0,0,0,0,0,0,0,47471,49052,47965,45118
443120,HI,44114,46566,31754,0,29734,28474,0,0,0,31011,*
454111,HI,100827,51318,40791,0,0,26370,26866,30147,30341,0,*
51,HI,127394,100940,96107,96479,95235,48010,48488,68355,43173,43317,42771
511210,HI,83832,92678,83003,93766,75859,61956,61858,64660,89861,72339,83098
518,HI,59574,62169,63256,58343,54228,51200,49989,54514,50059,47268,43104
519130,HI,68405,61938,54939,58996,*,*,*,*,*,*,*
52,HI,140485,137737,134097,133068,128991,127656,122525,115843,114608,99691,95728
522320,HI,48645,44742,50017,44323,42164,34557,29898,25148,24588,26635,24820
54151,HI,139175,137259,164168,156658,155687,61070,55591,54915,53469,49355,51751
611420,HI,48119,43501,0,0,0,0,35989,0,0,0,*
811212,HI,42705,42929,37919,37231,37948,34954,33108,32745,39837,39361,40479
811213,HI,0,40961,37570,36757,40983,0,55194,54562,48819,44075,*
10,ID,234247,230849,228031,224302,218249,207799,203545,192211,188256,183713,178531
11,ID,27725,26692,27482,26368,25131,24215,23335,21795,34132,20742,20166
323115,ID,24031,30661,27284,26327,30232,0,32635,30368,19563,16037,*
33411,ID,0,0,106769,112884,108714,94037,81929,86573,80620,70906,76487
334611,ID,0,0,0,45574,0,0,25757,0,0,0,*
423430,ID,85582,85209,91671,83980,73770,43141,44727,50767,45114,60797,50473
425110,ID,85180,75880,81816,80584,72735,59585,55445,55241,51953,47083,41274
443120,ID,55840,55450,36270,33806,33402,36259,35630,35515,36905,38553,38709
454111,ID,0,45071,42220,44102,47529,38454,0,0,0,0,*
51,ID,89998,57898,85910,84549,81285,78132,78896,73726,72783,72924,71656
511210,ID,83516,83187,84090,84503,84906,82556,76174,67814,66280,63633,57073
518,ID,57636,55629,51825,51712,44661,42883,35301,33440,35821,39489,40875
519130,ID,68769,63966,74289,51202,*,*,*,*,*,*,*
52,ID,163310,161550,112805,110013,106506,109338,101901,95322,95498,91769,93983
522320,ID,62489,60008,58794,62629,42092,50101,28154,33932,24995,22298,20533
54151,ID,58714,56298,54492,53020,51996,52152,51648,51301,50319,48586,49445
611420,ID,0,41385,45909,40273,0,38055,0,59940,0,0,*
811212,ID,33469,36517,36078,38585,40643,38829,34959,35536,38057,39554,36992
811213,ID,52555,46297,52958,48328,44764,42484,38643,33963,32195,34165,27791
10,IL,320445,313517,308975,300199,288902,278561,270046,258346,251718,243540,234263
11,IL,31109,31061,30550,28786,28114,27297,26335,24806,24872,24299,24061
323115,IL,50656,48710,51849,50841,54003,48598,47051,44159,43288,42724,40221
33411,IL,77123,74020,80209,76359,74164,71160,71272,66415,63334,62322,75061
334611,IL,71731,68852,76216,73426,78415,71751,62383,64776,71248,68528,69896
423430,IL,111067,104139,103561,102020,96627,94457,92778,91205,89219,89670,89525
425110,IL,55083,57032,58059,56977,55436,55895,51605,52369,52967,57344,55670
443120,IL,81401,71708,73752,108649,74896,68830,69209,62379,68183,65672,67432
454111,IL,44240,42049,43867,42809,39205,41480,39564,34606,0,0,*
51,IL,130155,139212,142051,141321,135419,111270,126704,102106,94287,69972,70723
511210,IL,104604,117861,95210,92578,95553,85350,82814,78286,77182,78067,78601
518,IL,86627,82652,91771,83124,71667,73600,63784,66220,64944,67134,69899
519130,IL,87882,82668,84523,80217,*,*,*,*,*,*,*
52,IL,250367,240529,240970,232114,221388,215518,206337,196556,189285,184024,174364
522320,IL,57470,57937,63647,60587,57695,52057,49334,49205,48454,43533,41599
54151,IL,139844,133808,132696,132961,127608,125798,124774,125726,122038,121916,121471
611420,IL,55010,52645,48857,45167,43714,41203,43868,44515,46612,50904,48911
811212,IL,44130,49342,49953,50333,48057,46257,48059,46493,44630,44171,42558
811213,IL,44912,44176,46621,45878,41855,35898,36067,33102,30646,31011,29894
10,IN,254844,252394,249749,243548,236402,228955,224038,214244,209907,202991,195694
11,IN,30452,30137,30305,28007,26927,26007,25494,24571,24436,23570,22418
323115,IN,36343,38227,37292,37732,37658,38371,39652,38099,39423,36779,36563
33411,IN,35745,34241,30770,37375,32689,0,0,33077,35544,36345,36304
334611,IN,115538,72828,75798,78504,0,0,0,0,0,0,*
423430,IN,95286,87931,86265,82734,77119,74016,72767,71261,69470,67919,64959
425110,IN,40613,41331,47335,49630,36085,35870,37186,41968,39355,39388,42226
443120,IN,41471,41678,35059,33528,34883,37116,39235,36462,36917,37014,35433
454111,IN,36141,37139,36548,35500,34132,33683,30922,26664,24616,23633,*
51,IN,69545,68182,67512,65725,63863,62511,62108,58448,56290,54855,53712
511210,IN,83277,98079,84289,90917,89430,86008,82336,80144,72494,75840,72278
518,IN,60075,61350,57940,57601,54159,52277,50673,47904,44733,44607,43401
519130,IN,60796,61871,60276,55619,*,*,*,*,*,*,*
52,IN,131761,125060,125319,122596,118798,118216,112696,106645,102809,98204,92850
522320,IN,44697,46714,44763,49560,47379,42285,42143,42814,45100,56783,37873
54151,IN,71999,69900,68937,66655,64118,63306,61388,58705,58983,59207,57442
611420,IN,49476,49442,53143,54824,55498,47763,47092,43731,40231,38271,34401
811212,IN,36281,35811,36547,39005,35551,35891,34332,34620,33910,31141,28582
811213,IN,44675,43760,42691,41421,39137,38627,37767,37709,37459,36560,35755
10,IA,265946,262283,257132,247174,237365,227565,221652,213293,206695,198917,191591
11,IA,31359,31021,30189,28394,27012,26304,25529,24113,23202,22455,21585
323115,IA,32529,32627,31905,30055,29654,28321,29502,28355,47107,34463,32784
33411,IA,74169,73072,75105,70393,68708,68716,70692,65992,64446,62025,59297
334611,IA,0,109082,0,0,0,58977,55895,57935,61931,66863,*
423430,IA,77171,70139,72729,74050,69060,69746,70820,64485,63326,57242,56247
425110,IA,53068,60757,56435,50716,51089,60757,53260,49405,47544,46611,41208
443120,IA,49329,48912,46031,44308,43997,41433,40907,40595,39987,40871,37945
454111,IA,0,0,0,0,28304,23664,24491,26740,32267,32493,*
51,IA,177884,177539,169201,167238,164556,156560,149963,138701,130398,89609,85946
511210,IA,68802,68878,67743,69878,61955,56307,53370,49950,51259,46642,40498
518,IA,52553,48361,44591,42888,41897,42602,39512,37137,34274,33321,31906
519130,IA,55114,50486,62671,64005,*,*,*,*,*,*,*
52,IA,135645,128249,128636,124578,120215,118825,111698,106385,100574,96136,91842
522320,IA,49019,48461,52163,52377,44132,45011,48481,35834,32246,28549,28470
54151,IA,66312,65157,66017,64044,61688,60130,58791,58025,114860,105747,53599
611420,IA,0,0,0,0,0,51330,50944,49038,0,0,*
811212,IA,50365,50926,48505,45218,43950,42722,46614,41560,36235,34748,50244
811213,IA,59975,53778,56171,54577,51441,52247,52491,47462,49916,50315,50682
10,KS,251334,248487,244483,238993,228620,219350,216104,204790,201109,193601,187695
11,KS,34183,33117,32647,31347,29678,28431,27411,26235,25446,25655,24619
323115,KS,37667,35155,39256,39087,38102,34343,0,0,0,0,44233
33411,KS,86691,78626,85837,83608,76340,77076,70752,68611,61129,60466,64279
334611,KS,0,0,0,0,0,0,0,0,0,70183,*
423430,KS,69352,69073,65198,65389,61590,70694,54880,54596,56722,56538,57181
425110,KS,61482,60386,60699,55086,52962,51502,48498,44328,47446,48793,50754
443120,KS,44439,45441,53607,77515,68392,58131,54597,51726,49110,50317,44964
454111,KS,35756,32384,32541,31831,0,0,0,0,0,26515,*
51,KS,164845,160185,162982,161529,154696,149887,148883,141272,135545,90824,65712
511210,KS,92055,76367,75805,72818,70242,60567,66930,67770,61316,65153,59949
518,KS,60518,63267,62980,61504,58189,53856,55329,50386,40541,42080,43473
519130,KS,72148,66290,71067,65724,*,*,*,*,*,*,*
52,KS,129252,123995,126138,122478,118105,116008,113715,109004,105433,100261,95180
522320,KS,56520,55914,59500,61648,56272,56858,50792,46032,39941,37884,34704
54151,KS,133488,130488,128117,124359,122724,118464,107967,94727,94187,96028,86053
611420,KS,0,87729,59158,53470,47079,47025,46447,45394,0,0,*
811212,KS,49107,47306,44230,48210,43122,44365,42251,52907,51463,55657,73969
811213,KS,52809,54743,62201,62338,57581,54452,50826,45822,36795,38144,40705
10,KY,250949,248746,246238,237841,229955,221316,216042,205720,198645,191092,182175
11,KY,79887,74852,73965,78084,71382,69261,68623,61503,58905,58572,51936
323115,KY,38826,38849,0,42388,36733,33014,33148,32363,31581,32047,31645
33411,KY,0,0,0,0,0,0,0,0,0,0,*
334611,KY,0,0,0,0,0,*,*,*,0,0,*
423430,KY,73914,76750,77089,67017,58942,55830,51868,52626,50597,50190,46615
425110,KY,53107,48124,52402,41611,40438,38138,35532,103333,94352,99519,99579
443120,KY,0,41885,40097,39742,40351,37139,38986,38279,40222,43346,39229
454111,KY,25469,26592,26299,24325,22471,0,0,24313,0,0,*
51,KY,145064,140699,139611,130666,123153,117797,118434,112854,109565,105279,99851
511210,KY,60573,60097,58370,53428,51749,49091,49229,46476,45947,42238,42102
518,KY,45424,43893,40240,39564,39086,36975,37435,33681,31192,33739,32278
519130,KY,59926,56628,58537,55320,*,*,*,*,*,*,*
52,KY,134794,127567,127900,121256,117016,113789,107919,103611,99164,95973,92025
522320,KY,42002,38846,38229,38848,38096,34961,36274,33007,31366,27949,26694
54151,KY,113341,111480,115012,120150,119730,118820,113579,105401,107319,100412,97549
611420,KY,0,0,0,0,0,31661,0,0,0,0,*
811212,KY,37312,37934,37690,34829,39971,36811,37825,37038,35663,34881,33958
811213,KY,36437,36240,35773,30456,29562,29708,31315,30743,33249,33455,30207
10,LA,268532,266822,263290,247303,236046,222251,212101,204594,197959,188491,179467
11,LA,32627,30087,30068,28225,26158,24418,23224,23321,22227,21446,21001
323115,LA,38791,38417,36311,34577,35099,32515,31171,30754,30208,30769,29619
33411,LA,31987,0,64609,33539,0,0,0,0,0,0,*
334611,LA,0,0,66501,64427,58676,52596,49033,0,46429,40448,50643
423430,LA,65984,64995,64936,61198,61843,56526,51922,48154,49749,54133,51267
425110,LA,59710,56047,59100,56320,44841,40846,39685,37667,34823,37052,29717
443120,LA,44532,41108,30349,30687,28151,28033,27621,26593,26972,28640,30166
454111,LA,36141,33901,30882,30824,31833,27397,31472,29573,29795,0,25650
51,LA,148762,120115,112735,109400,103951,98509,94622,90850,88818,85224,80957
511210,LA,69121,69626,71520,72918,80864,79296,62805,57685,62057,57258,55609
518,LA,52259,54855,55242,54638,50176,39043,44408,44130,43118,42464,41595
519130,LA,56319,63000,70447,62391,*,*,*,*,*,*,*
52,LA,226561,220216,211538,166813,193129,154449,145358,135777,132894,125001,87721
522320,LA,57209,54320,49790,45492,39796,35822,31730,31905,28161,26665,27244
54151,LA,117891,113287,114146,93590,91854,94141,91011,76571,83748,47354,50732
611420,LA,45512,44906,48291,61462,55806,51486,45422,47115,40734,38687,36698
811212,LA,35133,36010,35965,34940,34197,29282,30244,30665,31716,30975,29632
811213,LA,50907,46632,45344,43880,41273,39044,36309,39831,39803,38709,37803
10,ME,255145,253723,250691,243767,233244,226387,218109,210429,203050,194643,185523
11,ME,33161,0,0,31863,30558,28804,27571,25500,25202,24894,24169
323115,ME,0,0,0,30831,30387,33695,41496,0,0,34487,*
33411,ME,*,*,*,0,0,0,0,0,0,0,*
334611,ME,*,0,0,0,0,0,*,0,0,0,*
423430,ME,92391,86832,84846,78243,75170,73033,69037,64182,62569,63654,61356
425110,ME,47739,48060,48826,52285,56473,58466,56376,58648,44244,47759,46171
443120,ME,48931,44856,52777,47887,43036,40172,40480,40601,38591,42217,37595
454111,ME,47028,48104,0,45736,39119,0,0,22123,28578,62123,*
51,ME,66039,156885,65695,63363,61025,59362,59340,57155,55218,53177,51741
511210,ME,56793,55844,54535,46287,40594,39098,40821,37507,52828,41978,41867
518,ME,75987,64465,70172,70779,59457,53287,51972,48268,43224,41917,38378
519130,ME,51470,62138,70900,54981,*,*,*,*,*,*,*
52,ME,183298,181989,179716,172217,162011,103894,98604,95094,89982,84926,81291
522320,ME,58697,56623,48084,46061,38264,34752,33204,28728,35290,36299,34024
54151,ME,65682,61794,59693,57194,54554,51900,49710,47926,46065,41620,40576
611420,ME,0,0,0,0,57333,43714,42376,0,0,26574,*
811212,ME,59033,40619,39746,39480,38881,46261,51390,46470,49358,42850,35905
811213,ME,38714,35507,36171,43670,42228,38527,35314,35520,36202,33681,*
10,MD,348849,344731,336846,327099,311549,299304,287061,274702,266367,254232,238099
11,MD,30833,30056,29888,29141,28926,27579,26623,24886,23923,23392,22460
323115,MD,47466,43870,46381,48736,46896,47237,0,0,41841,38696,*
33411,MD,0,0,85847,0,0,0,0,0,0,0,*
334611,MD,161036,154975,151806,148882,139018,125874,124323,124321,118632,111227,103633
423430,MD,136802,129136,121540,118615,110253,102685,99520,98356,94306,94222,101077
425110,MD,74497,70573,71939,68744,66514,61662,61121,60403,61797,64258,57852
443120,MD,74919,72697,58680,0,0,59093,61719,59443,58475,62414,62000
454111,MD,50581,44122,43134,39175,39048,33324,33158,30750,30187,29691,21416
51,MD,128260,118520,94335,91411,89033,86365,84970,80781,78665,77481,75670
511210,MD,104671,104400,105671,104047,99674,92357,93568,85532,89893,86852,88438
518,MD,70391,62287,61454,61025,70074,61638,61756,60870,60133,56845,49633
519130,MD,95456,87760,85787,80195,*,*,*,*,*,*,*
52,MD,177539,165315,165180,160322,154880,150256,139840,130967,122299,167070,122444
522320,MD,46556,45128,48562,57435,49920,46852,48030,45648,43563,43913,41006
54151,MD,143216,140598,146571,143864,137863,136068,129828,123454,123698,114034,69462
611420,MD,50771,50835,50991,0,0,44796,47639,50276,52321,51090,52808
811212,MD,51371,53499,53084,53974,53956,55510,49953,49030,45447,44535,49165
811213,MD,87320,91610,77618,74972,73897,64722,58625,57069,57673,56538,48890
10,MA,345534,343288,341504,332161,318418,305262,298563,282947,272258,263904,254454
11,MA,47389,46383,45736,45399,43049,44039,39062,35208,33517,31625,30871
323115,MA,53799,51824,54177,54916,56496,56476,51888,50776,44712,43563,40792
33411,MA,134514,117992,115784,124262,109179,101543,103178,95876,91154,95732,119987
334611,MA,50161,0,0,0,0,0,0,89355,95192,86424,97957
423430,MA,128603,123183,124265,121293,117219,107770,106463,105278,101745,107489,121201
425110,MA,79773,76150,82790,88853,90509,72136,68914,72194,70461,77180,81647
443120,MA,62910,56733,46872,49486,63132,85415,76849,69643,70584,70526,69381
454111,MA,58018,58695,55433,52158,52006,47844,0,0,0,0,*
51,MA,175150,164025,161755,159353,155460,149522,141874,133239,128260,124114,121636
511210,MA,136538,119345,122469,122978,117579,112167,100608,96368,94117,95077,105959
518,MA,98031,95701,93008,84981,88476,82428,85787,75700,75285,71451,75469
519130,MA,106981,98265,107208,96133,*,*,*,*,*,*,*
52,MA,349753,291344,223750,212216,196195,190679,186282,164089,165724,195449,157667
522320,MA,87961,90087,84058,76930,73629,61922,61669,60259,56428,49276,68515
54151,MA,127117,115353,113772,114340,111400,98708,96351,90619,87737,90236,96978
611420,MA,62443,60208,62156,56147,56224,53211,49353,48504,47689,53113,47455
811212,MA,79236,75325,77034,81502,64131,61654,69069,67082,65891,66757,60345
811213,MA,56798,54043,51296,50035,49418,48821,51878,46359,46244,44331,42773
10,MI,300687,294633,291215,282568,275188,264869,255562,248125,240952,232079,226135
11,MI,24495,23789,24155,23004,22120,21594,21187,20338,19615,19043,18732
323115,MI,36965,40556,43377,37109,45875,45611,47532,42954,40132,38822,37215
33411,MI,82454,82109,79449,76762,73087,71516,68271,65631,65915,66915,61751
334611,MI,77026,0,0,0,0,98644,0,0,0,0,*
423430,MI,123325,112798,115367,114563,103369,100402,96988,95579,85514,89864,85864
425110,MI,95119,82973,83343,88142,77327,69422,66445,61014,60413,60915,62632
443120,MI,58415,67510,68768,66030,59497,55242,49675,48657,49738,53395,56614
454111,MI,52082,51532,51071,52405,48622,53491,53137,51865,0,34688,*
51,MI,124584,121990,117659,116295,111775,107674,106834,98878,84715,81493,78711
511210,MI,96703,89041,93444,93221,90593,85420,81652,80781,78088,82423,80723
518,MI,59777,61292,62882,64693,60242,57272,54451,51058,49202,49224,50692
519130,MI,111890,97702,84312,84015,*,*,*,*,*,*,*
52,MI,140328,136631,134168,129087,121880,120693,170978,171498,154998,102355,96873
522320,MI,48985,56098,56828,61113,52612,48278,49021,52058,50944,49876,48373
54151,MI,146559,236733,147156,141788,141383,131088,68865,66014,66277,69281,66658
611420,MI,55542,58367,56059,53488,51419,47567,45881,44290,46374,48208,44356
811212,MI,43437,45782,44442,45108,46570,46178,48058,43033,42143,41737,35804
811213,MI,46357,42049,44395,42070,43219,41549,47078,41082,42571,42840,41460
10,MN,296443,295429,291833,281207,270777,260844,256546,246933,241280,230537,222547
11,MN,78185,82256,81630,71224,72255,65558,66609,65036,53450,51892,21718
323115,MN,48891,46967,47148,50118,0,0,0,0,48959,51276,38745
33411,MN,94693,91914,89231,85890,80929,80207,80106,79266,72521,68152,70121
334611,MN,66797,62576,54331,58049,62048,61679,57705,56390,56422,0,*
423430,MN,89446,84631,86137,90371,96386,93063,84462,85740,82516,85492,86747
425110,MN,64993,65214,66777,62764,61502,59429,62342,54877,53267,55227,57443
443120,MN,57470,58875,62391,58258,49490,46591,44181,43266,42614,47489,42267
454111,MN,35695,34862,38927,40321,35958,33235,37496,39822,39651,0,45562
51,MN,102005,98350,142534,93917,89642,86242,85333,98916,96893,93231,72320
511210,MN,93999,94289,92750,92250,85135,86667,85325,79469,76524,75672,69086
518,MN,144872,134969,128087,134962,125218,71277,69183,60568,50975,53288,48065
519130,MN,77163,73061,73514,74193,*,*,*,*,*,*,*
52,MN,161282,204944,208865,201486,191444,185330,177475,163734,152872,154080,111158
522320,MN,74378,76290,63874,71348,61389,68425,52885,43879,42491,38587,27040
54151,MN,173017,169011,164373,159211,152777,147853,145519,138558,132342,127096,70678
611420,MN,0,56893,64026,66934,60110,48697,52870,53527,56027,58627,58641
811212,MN,51111,53691,52260,48690,65821,60900,55738,54639,52291,51951,48877
811213,MN,40611,38367,38349,37660,38452,33270,36286,33357,34470,34129,32450
10,MS,236666,234340,230146,222224,214269,205449,195846,188469,180966,174204,169103
11,MS,28186,27450,27548,26285,25228,24107,23394,22910,21748,21193,20387
323115,MS,32587,33508,31706,27863,24894,23315,26499,20501,18473,14484,*
33411,MS,0,0,0,0,0,0,0,0,0,0,*
334611,MS,*,*,*,*,*,*,*,0,0,*,*
423430,MS,75683,71860,71797,71605,68505,71426,67978,65096,64247,61085,56775
425110,MS,64374,56954,53732,66073,87726,55741,49635,41542,34761,35588,34579
443120,MS,0,0,0,0,0,0,0,33115,32879,31471,*
454111,MS,0,0,0,0,0,32115,29418,27036,25765,21839,27235
51,MS,120544,93619,92693,89006,87047,83778,80363,78224,75939,75800,76890
511210,MS,63797,62182,62014,58693,53167,47902,45381,42911,42982,39212,41907
518,MS,47978,43464,44507,41331,43517,41030,36094,35323,32147,34033,32428
519130,MS,54141,40442,54220,0,*,*,*,*,*,*,*
52,MS,113881,112601,111105,105636,102693,102415,95912,92813,89009,86107,83586
522320,MS,45249,46937,56827,63047,49750,51204,42893,50767,55770,65430,*
54151,MS,64076,61324,56473,55412,55798,51784,51899,50669,49528,48531,47801
611420,MS,33353,31981,0,0,25340,26117,26880,23594,25619,27860,25750
811212,MS,42631,41739,42154,40910,39664,41082,36612,35714,37282,37618,37905
811213,MS,35764,33739,30356,31927,31468,32624,26005,25241,27156,23729,24376
10,MO,255877,252007,249500,239298,231594,223331,217295,210173,206531,200468,192848
11,MO,29358,29539,28497,27545,26042,25965,25090,25277,22761,22120,21330
323115,MO,40630,43193,45109,45546,45471,45900,46283,44030,40962,39377,*
33411,MO,55804,53417,50570,49059,51506,34554,34437,34146,33794,0,40614
334611,MO,95221,85922,89642,84366,0,0,116450,80630,0,0,100605
423430,MO,94947,86204,97436,95296,87069,85153,83945,81647,83250,89479,82762
425110,MO,75418,80640,73545,76478,76656,70126,58167,46517,50742,52355,49149
443120,MO,47862,46722,39763,41163,39190,39820,41222,40158,38932,39511,37806
454111,MO,45571,43194,43163,44649,40671,35582,35966,0,0,0,*
51,MO,123057,119655,116035,113530,112348,106459,103596,96763,91281,111252,114570
511210,MO,82403,77462,82498,79269,78820,75935,76689,73748,72392,79162,70357
518,MO,104723,86030,70002,66650,66660,59635,58625,55262,49702,52702,47425
519130,MO,48743,54707,53071,53038,*,*,*,*,*,*,*
52,MO,188447,183113,176506,171372,165871,163454,154907,148818,140812,136388,130240
522320,MO,45388,44677,51579,43827,48743,45311,43134,0,0,0,*
54151,MO,136953,138153,134856,126995,121720,118547,112734,108424,121702,67362,64347
611420,MO,76749,77902,85743,85535,0,70723,68385,71105,73904,70714,61325
811212,MO,47230,52451,47907,46727,46248,45936,42037,41365,42396,43584,43596
811213,MO,39776,43385,43250,42181,39746,38982,38283,36729,34588,31056,30401
10,MT,240116,239816,237193,229342,217005,207416,198008,191298,184323,177209,171118
11,MT,28144,28332,28701,28027,27844,26040,24782,24267,23909,22213,22601
323115,MT,15199,19535,20816,0,0,17840,0,0,0,14416,*
33411,MT,39991,39040,0,0,0,0,0,0,0,0,*
334611,MT,0,*,*,*,*,*,*,*,*,*,*
423430,MT,81855,83307,82311,85901,75126,69257,61881,66855,67803,62252,53364
425110,MT,62273,69934,72295,69153,52371,50167,47331,43651,44580,41939,40706
443120,MT,35274,34013,27084,26270,23954,24485,24647,23599,24821,28011,26378
454111,MT,30782,28164,29227,0,0,22408,22278,23805,0,0,*
51,MT,91112,64173,67032,62815,37439,35464,35010,33362,32798,31137,29392
511210,MT,66159,67368,69559,62984,59946,56925,57272,63102,53669,48669,44555
518,MT,51629,49982,50456,48159,41079,40424,41969,33356,30529,29074,27101
519130,MT,40950,38195,45592,47307,*,*,*,*,*,*,*
52,MT,123894,113505,120161,117620,113395,109294,102579,99519,93945,88487,80110
522320,MT,57685,48099,59815,64452,57271,62351,66430,39111,34980,28993,79545
54151,MT,57452,57986,55961,52015,48462,45247,42826,38162,34309,33887,35511
611420,MT,46174,0,0,48078,51932,53566,43246,56243,38948,0,*
811212,MT,41839,46303,40428,40150,40164,38714,40691,41063,36881,33196,36787
811213,MT,36481,37619,35043,32737,32852,30193,28777,24214,26017,24591,24561
10,NE,253527,247961,244072,236228,228356,218539,212369,204639,196506,188234,181345
11,NE,29735,29099,29043,26651,26383,25249,24504,24037,22763,21622,21882
323115,NE,36300,31718,31441,29824,26144,29660,33047,29446,0,33858,*
33411,NE,0,0,0,0,63348,43230,42846,57504,52429,46311,47292
334611,NE,0,0,0,0,0,0,0,27200,31436,0,*
423430,NE,85134,83646,82051,80034,77240,72201,62911,59077,62909,62367,63515
425110,NE,75575,67291,63697,73733,66591,61443,47543,40139,41016,32623,34815
443120,NE,0,0,0,0,0,0,0,0,43131,43978,*
454111,NE,0,0,41318,38734,35933,34968,0,0,43518,49306,*
51,NE,115771,114208,113752,116323,104359,102160,101012,99380,95757,90665,100202
511210,NE,74538,73578,65191,57003,68207,63871,59423,56126,52303,51323,51607
518,NE,67092,66470,70418,97197,63496,63017,56821,56141,52781,49614,50168
519130,NE,57945,59322,58634,57383,*,*,*,*,*,*,*
52,NE,129826,123404,122814,118739,116835,116739,108088,103720,98014,96184,89523
522320,NE,50663,48370,48445,50532,45558,47879,46843,41150,42464,39775,35184
54151,NE,68061,69111,67599,68214,67039,65216,62425,60570,55587,56313,58098
611420,NE,47893,52182,49524,45921,48562,45026,44139,40734,0,30812,*
811212,NE,44443,46926,43438,45915,35334,37040,41374,33809,35606,34808,36896
811213,NE,55505,53914,50150,50241,43829,42658,40610,37907,28707,30787,35619
10,NV,299870,304311,299196,290604,279816,267007,260432,247142,237813,231880,225259
11,NV,76985,77811,77622,74280,72497,67398,24732,23357,23280,22238,21412
323115,NV,37953,39000,39780,40912,38956,38285,39636,40199,40789,40946,40121
33411,NV,37119,42180,40733,35941,36841,39110,40173,44620,44406,43186,41183
334611,NV,*,0,*,*,*,0,0,0,0,0,*
423430,NV,107567,103305,104431,104891,99555,107744,93058,95480,94641,88568,110053
425110,NV,58382,57255,68283,79085,67760,75804,68587,55263,51905,53134,54811
443120,NV,35055,31474,32224,34218,34386,34154,33718,32474,32833,32705,29420
454111,NV,39724,35829,34446,33732,31052,29313,0,27515,0,31437,*
51,NV,121733,90849,88615,135818,84357,87804,79191,76706,75627,45134,43947
511210,NV,95409,96180,87890,83755,78728,71532,69692,78231,91276,94212,79769
518,NV,54385,57850,58811,58143,48579,44472,44938,54027,49610,65210,66030
519130,NV,77625,57588,57609,56709,*,*,*,*,*,*,*
52,NV,131720,129384,127759,122514,118651,119536,109452,105256,99876,89161,86237
522320,NV,54532,52229,49361,43458,46783,44322,43484,51318,37925,40275,37079
54151,NV,76820,74967,78581,77942,74750,77120,72442,61892,57918,59668,63298
611420,NV,52003,54114,47981,0,0,0,0,34944,0,38603,*
811212,NV,39138,38861,40445,40304,39986,40331,35090,33096,37190,45363,46432
811213,NV,54264,53904,52288,49006,47103,43426,37827,43639,45265,51051,43731
10,NH,290101,288617,283337,276436,260596,249978,245009,230665,221477,213434,206602
11,NH,30104,28862,29271,29969,27830,26421,26239,24377,23334,23484,23963
323115,NH,59081,54317,49252,45684,0,42541,41196,0,0,0,34175
33411,NH,112987,108387,142436,120656,119543,101427,90280,87439,95545,90822,86688
334611,NH,0,0,0,0,0,0,0,0,0,0,*
423430,NH,122273,106902,106715,107801,103698,95261,92793,87063,83488,79279,88346
425110,NH,95979,91330,96280,101616,104221,86351,64050,62773,61384,68109,72163
443120,NH,95501,102358,96957,84955,81033,75202,70230,67880,63500,57392,54338
454111,NH,0,0,0,0,0,0,0,0,0,0,*
51,NH,202301,197218,196074,178317,175952,171696,160415,188594,186036,181567,145600
511210,NH,129270,114846,118438,106059,99719,99018,95857,81176,80212,79525,75730
518,NH,65330,64661,62738,66560,65992,67218,58477,52751,51555,54812,78003
519130,NH,186116,168980,166660,151828,*,*,*,*,*,*,*
52,NH,213433,201696,198534,189781,150935,187716,168348,128124,122330,115781,111410
522320,NH,0,0,88698,77486,72700,69445,62899,59285,47286,45634,*
54151,NH,92234,90389,90464,85504,86239,131245,127349,76086,75597,71699,72157
611420,NH,64947,66061,0,0,0,0,51781,41113,38493,50451,48748
811212,NH,69531,63435,57852,58739,57014,56287,53966,51741,49662,46732,44207
811213,NH,73180,75965,77221,72613,76055,72652,79411,74566,0,0,*
10,NJ,362457,355526,350915,341392,326891,313935,307329,294070,285214,274593,266920
11,NJ,26826,26957,27357,26475,25100,24554,24218,23495,23145,22709,22358
323115,NJ,57498,60582,66695,68750,64122,62867,60634,57946,53115,48228,45917
33411,NJ,91214,86228,92972,75225,73031,71135,66221,70776,66859,66905,65101
334611,NJ,0,0,100241,109694,100422,90748,81530,72263,86249,88589,98258
423430,NJ,117779,109207,103540,113202,107604,101328,98227,93819,89496,89849,97578
425110,NJ,77860,74504,73113,82535,74859,68748,69711,65047,70120,67681,69295
443120,NJ,83579,81279,89320,80853,75499,66062,64639,65133,60531,61970,58514
454111,NJ,49387,50185,51798,52946,53098,47287,58580,0,0,0,*
51,NJ,159637,221775,221260,209458,202048,197908,201147,125127,110687,128106,126292
511210,NJ,117091,109283,114361,122203,100999,94928,92787,90085,90643,90376,98589
518,NJ,97624,94286,94384,95721,87024,81057,77657,72012,69950,108091,64495
519130,NJ,98034,88895,93383,89173,*,*,*,*,*,*,*
52,NJ,268242,254157,245375,229226,218181,213298,201014,199613,196775,181187,140741
522320,NJ,93093,80677,75359,76256,80454,62199,57247,58401,63040,60231,55569
54151,NJ,205333,186819,186114,176862,171892,162876,146429,143697,140614,143940,116362
611420,NJ,54603,52339,57913,74158,53535,50820,48518,42635,43239,48351,43183
811212,NJ,64432,61389,61564,65194,63510,65831,55318,55081,53523,56220,52751
811213,NJ,44558,42584,41749,64279,72009,87347,85960,67159,74109,73950,69467
10,NM,266882,265788,260278,250236,237680,225530,218049,208485,202957,195394,186150
11,NM,24617,24316,23754,22459,20896,19197,17957,16840,16190,15476,15035
323115,NM,21962,23039,22354,21444,20978,21836,19721,19540,20252,17185,21291
33411,NM,87442,84757,86201,82221,82601,0,74083,60777,58347,60167,81454
423430,NM,89261,90550,89630,94222,80248,78141,62426,65001,76746,80509,73248
425110,NM,45186,37202,39474,38018,37094,37230,34789,34857,34138,31349,30499
443120,NM,41046,45207,32113,30928,32760,35550,36787,35583,36001,35312,32571
454111,NM,40936,29223,28796,29360,27239,25387,0,0,17494,16010,23906
51,NM,153411,217637,209160,206581,206928,197712,188716,178969,173671,101385,99289
511210,NM,78271,79630,79854,71989,64297,61004,59912,59996,55426,54820,61594
518,NM,37441,40873,39885,35015,35557,78995,79402,74605,71873,77004,32756
519130,NM,46164,45031,44976,40551,*,*,*,*,*,*,*
52,NM,123310,119361,118411,114144,109363,106790,100139,98602,94720,86750,80393
522320,NM,49615,50170,51921,51005,40947,35276,25459,28482,25016,26360,27414
54151,NM,66068,64825,66559,69924,59892,58326,56657,59261,55710,53953,54872
611420,NM,54348,61017,65932,68954,0,49086,41882,41543,41774,39671,36915
811212,NM,48622,46983,44291,42052,39499,38449,35404,34652,29168,28054,25724
811213,NM,35320,47276,53279,0,0,67352,64362,0,52177,53233,*
10,NY,349546,335842,337562,328483,315143,301776,293969,280052,273406,269813,260019
11,NY,29071,28254,27840,27154,26052,24650,24099,23183,22579,21935,20757
323115,NY,54123,52918,54140,53321,57924,57809,58894,55382,53963,56324,51388
33411,NY,150719,139613,140591,138878,124420,115282,112235,106460,95516,102453,92950
334611,NY,53941,49846,53631,59052,109524,99838,102618,87525,85096,78008,77388
423430,NY,117113,115254,115394,114207,106240,100741,95796,92111,91574,96240,103211
425110,NY,73032,67011,70108,70557,63406,77169,57687,56604,51363,55161,49431
443120,NY,59997,57682,63289,63531,57379,56889,54748,52570,53034,54160,51577
454111,NY,64114,59456,62928,63584,62320,67944,60733,64449,64117,65774,61017
51,NY,174115,168709,168680,168224,159645,149816,145060,138573,130166,94068,91282
511210,NY,120196,140870,117189,111096,103073,107435,95011,88980,87810,91857,85746
518,NY,92902,85792,91547,93929,80356,72774,66997,59925,63917,66593,61458
519130,NY,126993,97893,102112,97906,*,*,*,*,*,*,*
52,NY,367418,330542,358832,350360,316577,293655,280504,258161,254167,275160,250073
522320,NY,115519,98967,92824,101944,92728,90088,90523,90376,92418,89743,81246
54151,NY,154228,147846,155905,153225,148526,131389,122928,117643,116899,112704,107322
611420,NY,44349,47575,49025,47711,46223,43977,41616,42927,45771,45809,42966
811212,NY,50559,50118,54564,55467,55826,52133,51736,50202,50875,53572,49802
811213,NY,45747,47671,62019,41789,37801,36540,36923,36148,37425,37282,37182
10,NC,266173,262598,259352,254579,242634,231781,224895,216740,210089,203399,195188
11,NC,28173,27357,27669,27989,26694,25685,24318,23450,22856,22304,21450
323115,NC,92874,66731,71237,89014,77223,73375,61202,49474,42994,43389,41460
33411,NC,120311,110946,108744,106117,99240,98969,94271,90248,86178,0,*
334611,NC,0,0,152407,154692,0,122069,118802,127179,119479,117067,140000
423430,NC,104408,97014,104409,102442,94006,91548,90006,88732,82513,72831,69722
425110,NC,54548,54847,53135,50448,47991,57829,55129,52387,50960,51244,54259
443120,NC,58451,59815,57680,59166,55804,52739,55496,53480,54554,56520,55014
454111,NC,41781,36398,31326,31870,33382,0,0,35353,37751,39785,24958
51,NC,116472,117872,118566,82427,79924,78400,73618,69542,67981,19755,63592
511210,NC,94486,89845,87545,83056,81060,77051,76994,72892,70072,70081,65819
518,NC,84449,79845,80967,77923,74411,71299,67709,63080,59066,57949,53161
519130,NC,66938,67516,69262,66724,*,*,*,*,*,*,*
52,NC,152063,141101,145115,140845,136887,129895,121129,116633,109996,103400,98914
522320,NC,87012,78274,76156,59773,67860,51773,55716,46941,35829,31094,27677
54151,NC,147640,144167,135875,127851,121744,113381,110296,107224,101859,102887,104067
611420,NC,66924,64040,71385,65372,61352,58013,52589,43929,44651,47805,48514
811212,NC,43633,44195,45065,44828,44202,48290,47289,43157,47323,44932,43071
811213,NC,45183,42474,37979,35729,33500,34303,33243,34606,32500,31698,30913
10,ND,244787,235364,228338,217183,203885,196613,189688,181418,174577,168489,161219
11,ND,75110,76347,68426,71208,62161,62256,27032,25212,25827,23463,22504
323115,ND,0,0,0,0,0,0,0,0,0,*,*
33411,ND,83918,73729,80682,77746,73809,0,0,0,0,0,*
334611,ND,*,*,*,*,0,0,0,0,0,0,*
423430,ND,76985,67689,68824,71566,57468,55506,47906,55258,54403,60186,48567
425110,ND,25275,22900,25429,25005,22069,23109,22515,21031,0,27513,*
443120,ND,0,45173,0,40842,37839,37230,33602,32294,31168,31199,31588
454111,ND,0,34880,32672,32981,29653,33486,26955,28618,0,21607,*
51,ND,96674,68971,57059,57116,55922,50604,49417,45877,42316,40133,38792
511210,ND,82461,80088,89504,103096,96706,77300,76128,65028,54258,47888,45265
518,ND,77299,38842,38265,36679,34174,37540,35885,34931,30882,27645,25813
519130,ND,40550,43743,57914,0,*,*,*,*,*,*,*
52,ND,122498,116776,118446,109335,103870,96170,94906,91062,87149,85772,82954
522320,ND,0,0,0,0,0,0,0,0,0,0,*
54151,ND,46059,42932,40686,40252,38156,35581,34372,31271,30185,25236,22708
611420,ND,0,0,0,0,0,0,0,0,0,33124,*
811212,ND,35931,37651,39481,38878,42630,43574,39965,32168,37584,38789,*
811213,ND,48549,47602,45096,41815,39919,39906,38907,41424,40670,48411,39786
10,OH,287289,282628,278268,271809,262410,255033,248914,241255,234200,223553,215697
11,OH,26741,26497,25630,24945,23723,23247,22711,21427,21069,20696,19730
323115,OH,40811,41886,39869,39164,38272,38782,38212,37764,36849,37833,37635
33411,OH,60587,60246,59564,54649,53395,54233,53381,57470,52438,50686,49622
334611,OH,104357,114880,111924,114369,108502,0,0,0,0,0,*
423430,OH,102022,97955,99258,97442,92888,89321,88395,81664,77907,76449,73803
425110,OH,85463,82970,85001,77830,74510,70504,68396,62795,59563,57237,56821
443120,OH,47026,51713,42260,43552,44633,43333,44569,46358,43849,42615,43322
454111,OH,32844,30648,38945,36519,34906,32702,33954,33622,42039,39643,*
51,OH,118591,178672,157370,146325,138310,133477,125116,120126,119116,116298,111561
511210,OH,80825,77233,77970,81765,78369,77691,76540,72701,73065,75962,66026
518,OH,112207,113999,109083,104811,107561,104059,99006,99408,98519,115239,103828
519130,OH,79957,78233,78481,75489,*,*,*,*,*,*,*
52,OH,272241,262059,260770,253031,241595,234912,221581,209155,201717,189403,141759
522320,OH,51832,48345,49148,47950,51192,49440,42906,39912,33459,29499,28417
54151,OH,147776,140198,137136,132853,129580,124156,116594,111290,106691,103441,98502
611420,OH,53570,53981,59389,53586,47440,44555,41008,40684,41199,38753,38772
811212,OH,43809,45411,49864,48704,48712,48290,47858,43454,45286,45744,44698
811213,OH,38877,37851,36149,33896,33347,31134,35659,48869,41820,43864,41925
10,OK,249841,246459,243484,230454,218617,207988,202980,197784,191622,185298,177872
11,OK,30385,29582,27004,25809,24481,23709,23144,22513,21054,20891,20559
323115,OK,39645,38526,40530,40501,38373,40097,39126,37288,35850,34471,34189
33411,OK,64035,59984,62839,61534,65065,63738,74546,93565,78017,71063,139264
334611,OK,0,0,0,0,0,0,0,45664,38021,0,*
423430,OK,72091,68836,66300,67481,64490,67167,71787,70650,54625,57001,56132
425110,OK,43894,43681,44564,47241,45504,45690,41531,42041,41875,42971,45371
443120,OK,45582,45371,44278,42448,38054,37333,30949,34414,35499,38418,37483
454111,OK,40784,40939,0,0,0,22748,0,0,22835,21710,*
51,OK,97612,91276,85552,78444,64268,153009,144031,137828,132733,125298,118170
511210,OK,73441,55325,58460,59433,57022,53492,51979,54029,58300,56002,49058
518,OK,46829,43758,43548,42375,41418,38356,37388,36284,35079,36529,36774
519130,OK,60334,56103,57406,53175,*,*,*,*,*,*,*
52,OK,139923,135794,135726,132085,130858,128896,121952,113910,109304,104653,98960
522320,OK,53216,55757,47909,34104,30904,31182,31473,31083,28926,29266,26461
54151,OK,107409,102318,92925,97603,93296,93098,95399,91110,92029,84195,79504
611420,OK,0,0,0,35221,35049,32681,30897,0,42011,40998,30954
811212,OK,33533,34277,34627,32645,30589,30890,30203,27812,28166,28148,26696
811213,OK,33397,34290,44345,40452,39873,33952,32113,31654,31943,18763,18675
10,OR,276624,272863,268266,260198,249946,239298,239816,232387,227201,220605,214212
11,OR,125404,125724,125779,122682,117725,113936,106205,107549,104429,64675,93682
323115,OR,40488,43517,46086,43748,40691,40079,39517,38748,39992,39434,37071
33411,OR,75054,73849,72831,70017,69270,70383,67972,63602,62533,65381,65291
334611,OR,0,0,0,0,0,0,*,*,0,51554,*
423430,OR,102274,97489,95285,92764,83596,84614,84102,83047,85717,86474,104062
425110,OR,36851,42224,51753,52892,49007,46435,43066,42334,55181,58470,60258
443120,OR,41761,37580,35692,33184,31953,33933,39761,38462,36811,37105,34781
454111,OR,32234,32854,33680,42713,34669,37931,34977,36038,45013,45513,*
51,OR,102472,101330,101985,98240,82131,77975,78679,73280,68677,67862,69518
511210,OR,89096,87212,88821,89901,86052,84137,87937,77537,67932,67552,67908
518,OR,153827,149176,148143,141963,67158,58928,63547,53602,51402,52005,50361
519130,OR,81965,75246,76735,69650,*,*,*,*,*,*,*
52,OR,206374,201573,198801,190246,183305,179444,170272,161430,155997,149443,143096
522320,OR,49964,51436,51495,52742,48221,46281,42128,42148,36666,37985,35819
54151,OR,116666,116574,78365,75873,72052,69504,69316,66707,63848,64127,63394
611420,OR,0,0,0,0,0,0,37049,37549,38362,38724,*
811212,OR,38319,35210,35271,36271,33280,35891,35629,35066,36207,49596,46216
811213,OR,52659,53088,42968,35708,41357,42319,44280,45843,47989,42288,37964
10,PA,299445,295778,288806,283127,271112,261336,256042,246340,238998,230898,222825
11,PA,69765,66648,65519,65441,60427,60802,63511,58223,57263,54925,52284
323115,PA,40527,42048,42914,46919,44975,46060,46895,45159,43995,42256,41687
33411,PA,78872,77308,74188,82509,76626,74831,71640,67238,0,56901,*
334611,PA,0,101657,131358,124792,121529,117435,107919,97978,97918,102290,91504
423430,PA,114448,110687,110790,113629,99208,93505,95547,89741,86279,86242,88026
425110,PA,66734,61851,68123,59145,58242,59377,56345,48962,46730,46163,46788
443120,PA,58701,54368,37157,42093,32108,33939,35027,43433,46392,47968,46314
454111,PA,45138,44500,45134,43296,47387,52966,36924,39085,41838,37144,43314
51,PA,146888,146445,146570,142500,135256,156060,153329,144827,138894,134428,129310
511210,PA,108011,106806,103899,98570,91802,89667,83549,78904,74236,76199,71271
518,PA,119701,119590,117050,116283,107130,60193,57290,63180,62245,64885,65739
519130,PA,92557,85425,83902,86197,*,*,*,*,*,*,*
52,PA,158476,150223,151504,146360,142013,136311,129420,123692,116127,113016,106928
522320,PA,50759,45317,48801,44778,41827,44200,69725,49296,48722,51627,50067
54151,PA,167289,164849,159665,153690,135053,132438,109059,105607,103681,99068,95923
611420,PA,59306,64141,61553,58094,50808,47591,45590,44903,43003,42948,43758
811212,PA,47931,47660,51915,51653,51025,52775,51595,51643,46568,46400,45979
811213,PA,42180,51400,40909,44401,40894,45782,47515,45124,43865,45734,47094
10,RI,331294,324812,319134,308532,298061,285994,279001,264931,255550,242566,233782
11,RI,0,25114,26132,26412,28233,26836,28707,24606,0,0,20722
323115,RI,43928,44518,43266,42947,43493,39937,34480,0,0,49208,53294
33411,RI,0,0,0,67618,60391,54496,44518,43441,39634,41765,49214
334611,RI,0,0,0,0,0,0,0,0,0,0,*
423430,RI,84649,86262,87687,80373,75195,65674,61105,57899,60535,59130,56780
425110,RI,56255,58605,54880,58939,55363,51695,50699,48081,48940,50986,55401
443120,RI,0,69546,0,0,0,47779,51065,49405,49146,44299,39371
454111,RI,0,0,0,0,0,0,0,26480,38633,61727,38702
51,RI,86811,85126,82332,81576,82751,84267,83246,75131,48491,67517,48626
511210,RI,90573,92310,95181,87879,91400,148886,84810,88214,80307,99505,*
518,RI,63942,59135,60856,65351,68531,69618,83815,63804,56611,63935,57806
519130,RI,81486,77998,73508,52898,*,*,*,*,*,*,*
52,RI,150235,142820,138416,129270,122756,129091,130149,123604,119296,101697,84689
522320,RI,59214,0,0,49630,47782,40806,36561,37827,0,35366,39601
54151,RI,79051,77627,77928,82101,109316,72121,76726,77916,72886,66840,65912
611420,RI,0,0,0,0,0,0,0,0,0,0,*
811212,RI,49959,46627,52997,54186,52539,46788,42056,38077,35099,37254,33892
811213,RI,39663,0,39397,45740,47160,0,47493,50644,46338,41597,*
10,SC,252403,251919,248429,240437,231251,222131,214996,206788,202100,194363,185147
11,SC,28725,27497,27844,27768,26169,25338,24158,23139,22371,22905,21714
323115,SC,39943,42788,43175,43312,41114,37589,31813,26646,24185,24019,24537
33411,SC,59719,55571,56395,54472,53334,51397,49108,47868,44681,45945,46607
334611,SC,0,0,89928,78012,67065,61814,58708,55417,54878,59101,*
423430,SC,88556,86809,85512,86398,72124,69326,65787,70316,64527,63980,58679
425110,SC,57065,57047,57744,60352,53040,48598,44902,42513,43200,39150,35850
443120,SC,69779,64400,63681,61269,55054,56375,56324,54579,54523,58213,56080
454111,SC,37109,39723,0,32165,29876,28054,0,0,0,0,*
51,SC,103256,100880,94558,91378,90443,89619,87085,80836,112581,111782,75114
511210,SC,75016,69662,69278,64040,71712,60430,60026,60041,56958,55587,57426
518,SC,64694,65092,63863,67259,60553,57841,57621,47580,45380,53014,51216
519130,SC,53774,58028,57201,51991,*,*,*,*,*,*,*
52,SC,124813,119849,118409,115324,108367,105944,99623,95942,93630,88509,83057
522320,SC,28999,25117,28272,40960,38284,40727,38649,32410,28170,29716,27820
54151,SC,205511,182864,167985,151026,145127,88875,80686,73762,72304,70949,53255
611420,SC,61985,59794,0,0,0,45817,36798,33633,0,0,*
811212,SC,45663,40540,38715,33720,32128,33215,37235,29301,29130,29772,32145
811213,SC,39971,39900,40126,38600,38490,35583,32507,30057,31258,32979,34723
10,SD,230962,225987,221605,214467,206194,198813,192623,184432,178822,174834,168493
11,SD,30844,29874,28700,27625,25567,24811,24158,22694,21523,20256,20216
323115,SD,19532,21380,0,0,22432,0,21331,21322,20317,22983,*
33411,SD,60426,0,0,0,0,0,0,0,0,0,*
334611,SD,*,*,*,*,*,*,*,*,0,0,*
423430,SD,69997,62965,60664,63051,64697,59354,61732,59002,52773,58295,68156
425110,SD,118584,106405,90650,84431,61289,68026,82351,66856,53708,53934,57239
443120,SD,0,0,0,0,0,0,35805,33931,0,0,*
454111,SD,23623,0,0,0,0,42130,19575,19330,23389,0,*
51,SD,138392,112549,112301,107606,101250,61543,57711,55412,91259,89455,71052
511210,SD,0,0,0,0,0,0,56346,54304,59346,52628,53495
518,SD,55202,61897,65478,60811,48892,45418,53257,39782,72959,73979,61924
519130,SD,81061,33618,31506,27351,*,*,*,*,*,*,*
52,SD,106053,114240,113411,106142,102037,102882,97364,92745,89920,84356,81567
522320,SD,41884,37173,36406,35331,33013,33433,31635,30485,29653,28869,28769
54151,SD,109463,105637,108276,104915,104114,51533,53079,55072,53473,53162,50743
611420,SD,0,31491,31133,31315,0,0,0,31330,0,0,30366
811212,SD,64965,60276,62657,57300,55732,50966,49643,44912,43062,40370,*
811213,SD,33663,35394,35489,36635,0,33694,0,27922,19751,0,*
10,TN,265977,259986,259046,252882,243289,233347,228028,218292,210734,204485,196720
11,TN,27351,26169,26587,27084,26612,24974,24476,22391,21588,21358,21867
323115,TN,40019,43497,42208,40409,37280,37900,35300,41793,43408,42138,*
33411,TN,50685,48966,49372,48562,42982,0,0,0,42480,41708,38666
334611,TN,98492,92533,0,0,0,87898,0,75605,0,0,*
423430,TN,87724,77684,76864,72042,69367,66614,65379,62881,60570,61057,59799
425110,TN,61561,53443,56223,56033,55367,54948,49660,47595,41497,37624,36750
443120,TN,56279,55923,57250,55584,51499,49206,46322,43782,42015,39813,34904
454111,TN,37968,44142,43627,41210,39065,31335,29353,34754,30965,35833,*
51,TN,75247,72903,72869,71332,72999,66759,65367,62573,60632,59087,57530
511210,TN,131934,136533,155952,116739,175582,70479,67924,65679,66807,67185,77867
518,TN,60262,62741,57566,64139,57346,54601,53650,51001,47791,47617,49192
519130,TN,72520,69126,70883,69260,*,*,*,*,*,*,*
52,TN,147117,138199,138947,135076,129567,127580,124422,119269,115123,109336,106131
522320,TN,51089,50658,51185,57799,55858,48434,86665,41031,42127,40878,34672
54151,TN,75044,70667,70923,68647,65716,61461,60620,56026,57489,56613,56361
611420,TN,61645,60205,66589,56311,50420,43989,42542,39126,48560,51320,46147
811212,TN,42892,40228,39991,38804,37802,42364,39092,39731,34969,37833,38035
811213,TN,40306,39336,40745,38584,39439,43931,39190,39268,35438,31964,31290
10,TX,289446,283218,278528,270324,257365,245031,236734,227513,221153,213592,206826
11,TX,28410,27695,27112,25422,24391,22974,22004,20941,20233,19716,18991
323115,TX,41401,39972,38916,36861,36336,34311,32778,32195,32587,35462,31718
33411,TX,137055,130405,130720,130771,121151,109364,103848,100457,94735,95329,93139
334611,TX,92394,87891,84184,85462,84594,83166,82906,81399,82061,77635,79392
423430,TX,108633,109960,106828,104170,95163,98009,98123,93438,90552,109974,123721
425110,TX,67569,65418,68149,69003,64598,59864,59587,56371,53611,57603,61540
443120,TX,72303,69230,58054,57008,55695,50883,47916,48666,48717,46415,49427
454111,TX,48040,43786,38077,37327,34995,35881,36543,35526,34130,31740,32163
51,TX,148205,151900,149301,184245,175144,168246,163723,153306,146679,119564,90141
511210,TX,110487,106119,106895,102036,92500,87297,88973,82773,81210,83201,83651
518,TX,132794,145140,132930,123068,72245,67913,67767,61977,63423,64676,64182
519130,TX,72112,68465,69754,74474,*,*,*,*,*,*,*
52,TX,247498,238509,239842,227160,214586,210349,198504,191076,184624,176042,163956
522320,TX,58251,52434,52070,51157,47885,50594,51737,43682,40387,39318,35929
54151,TX,182949,180259,184670,186234,183066,167690,164548,114927,119191,111502,102686
611420,TX,61098,62012,65115,58811,55177,51465,50168,46335,46476,50115,47050
811212,TX,84108,80000,83265,44174,45100,42149,40969,38328,40596,41406,41049
811213,TX,58892,54288,52926,54607,54540,48119,47361,48425,49572,48188,46045
10,UT,259288,258183,251168,244180,231470,221671,215104,206816,202747,195872,189710
11,UT,27101,26194,26236,25427,23944,22431,21655,21033,20936,21113,19693
323115,UT,41240,42314,44787,44295,41534,39747,36557,35963,35981,36029,32548
33411,UT,79747,74822,76088,74951,74468,65956,63957,72873,72450,57831,51822
334611,UT,46786,47555,45989,44698,46395,43910,46854,46363,39603,38307,52434
423430,UT,75882,74853,75735,74512,70583,66362,67289,64472,67245,72301,79760
425110,UT,46605,44294,42651,49409,60679,51263,46644,43197,42852,43406,48707
443120,UT,59378,55574,52041,49342,44959,38838,39374,38599,38508,37464,39708
454111,UT,45885,42494,43101,38504,37605,37951,34265,31072,0,0,*
51,UT,180849,107817,107290,102651,99231,94778,86328,81712,84453,87467,80724
511210,UT,79425,74515,73423,74533,72816,90191,75425,72968,72436,71317,80003
518,UT,52023,48214,43672,41665,40282,36661,35979,34827,34050,35718,34335
519130,UT,66201,56576,54891,55566,*,*,*,*,*,*,*
52,UT,134257,128207,126665,122551,119402,117617,111743,105605,101639,95571,92312
522320,UT,49933,38444,36894,38084,36996,36096,36241,34473,33918,30718,28390
54151,UT,72619,73530,74800,71126,69069,65245,66503,64032,61537,59215,57532
611420,UT,0,0,51431,50795,49786,0,0,0,0,0,*
811212,UT,42480,42869,46696,44435,44871,45796,49082,46391,44425,62684,69648
811213,UT,62230,74696,63288,54647,53922,51037,57382,56982,52702,51625,50979
10,VT,266843,263228,260598,250150,240589,231184,224055,214500,206946,198863,185551
11,VT,27275,27407,26954,25561,23976,23228,22408,21689,21181,20664,19583
323115,VT,37198,37393,36470,38569,0,0,0,0,0,0,*
33411,VT,0,0,0,0,0,0,45434,44565,40998,40504,40832
334611,VT,0,66208,83156,95067,55175,0,0,0,0,0,*
423430,VT,143396,100997,99572,104655,95733,82330,60433,57445,85393,87470,70619
425110,VT,109256,85285,90111,0,0,0,0,0,0,39045,*
443120,VT,42449,55890,33103,39584,36866,32525,30041,31715,33639,36942,36822
454111,VT,33318,0,30692,31128,0,0,39193,36866,36019,36669,34688
51,VT,112019,111268,107536,62005,59339,57881,56532,53512,16456,87931,47924
511210,VT,78232,77760,73622,70918,71872,74362,66014,61676,62232,66985,60985
518,VT,41944,41880,37061,39756,38339,35298,32983,33436,34033,35546,28000
519130,VT,44666,45396,44126,43026,*,*,*,*,*,*,*
52,VT,133498,121607,130834,124557,115480,116575,110981,105857,99306,94680,90779
522320,VT,89822,0,0,0,0,0,0,0,0,121594,*
54151,VT,136063,133228,75032,75696,88333,72290,67832,63875,61199,59105,54848
611420,VT,0,0,0,38021,0,41471,0,0,0,0,*
811212,VT,35960,32895,30456,34706,35184,47158,46191,45334,43486,38378,43443
811213,VT,43109,43626,41840,38784,38673,41768,41787,42465,41606,38930,35491
10,VA,317877,310698,304882,296004,282094,270418,260179,248223,240375,231929,221312
11,VA,27347,26280,26985,26389,25238,24278,23275,22320,21324,20971,20279
323115,VA,0,0,0,43578,0,0,38303,36916,36494,38277,*
33411,VA,64116,59398,57986,52543,50293,47241,44388,46423,42954,37154,37334
334611,VA,86975,145679,0,142326,0,0,115151,102844,97280,82208,61747
423430,VA,148084,139509,134026,133557,121787,110386,109811,102252,97144,99223,116317
425110,VA,98375,99211,99010,97555,78226,78300,75747,71119,69705,74992,77137
443120,VA,77178,72819,64685,66687,68392,64586,63969,59252,57978,58786,62075
454111,VA,93975,83569,40446,31919,32662,26929,29220,27206,29285,32268,29791
51,VA,228903,202306,199328,194057,190436,168748,110794,100003,96620,107597,107255
511210,VA,118699,116674,115531,115004,113105,107045,102584,93382,91171,95126,102202
518,VA,81617,78647,76136,71953,94810,93539,145572,80463,82718,134701,115744
519130,VA,106950,93256,96155,104781,*,*,*,*,*,*,*
52,VA,180577,170894,168086,166511,161513,159244,151901,142896,133135,107708,100942
522320,VA,78737,75687,72681,72353,70326,66893,67300,67027,73360,58494,60588
54151,VA,230249,225713,219695,209151,205558,202615,137983,128646,125621,124278,117434
611420,VA,67797,0,0,0,0,0,0,0,47113,46013,42142
811212,VA,81933,74585,73371,61923,60417,57328,53596,48530,44509,43405,39175
811213,VA,65876,68945,70234,65206,62971,60782,59576,55279,53299,54665,57831
10,WA,314044,306869,299313,289489,275659,263963,256369,249661,243092,234361,226070
11,WA,65646,63368,63968,58710,55982,54185,51896,51264,48147,45502,18849
323115,WA,60789,63182,70735,69295,68171,64401,58400,54289,51932,57587,52225
33411,WA,142751,107745,98261,94282,85475,82383,78017,79583,70218,77220,95312
334611,WA,0,0,0,42548,41189,41376,41481,48065,44259,39448,41520
423430,WA,127258,112393,113432,114704,112215,100403,96636,87162,89747,87109,101287
425110,WA,77169,74842,78504,75589,71334,70272,65451,56050,55549,58701,54750
443120,WA,51314,49821,46554,44351,55655,53099,50584,59234,57635,57358,62368
454111,WA,96851,92170,92241,87172,82267,77911,82112,76496,83034,61135,70647
51,WA,245454,237208,233524,220449,198905,178366,171091,191699,187415,191431,207937
511210,WA,153884,146470,145014,136558,129149,115482,104747,181696,183740,212431,270054
518,WA,69251,69030,70485,67713,68001,61546,54714,52251,54742,112569,105276
519130,WA,93169,87686,98841,93389,*,*,*,*,*,*,*
52,WA,293969,291102,283845,273256,195606,192898,182438,172553,164113,154049,155915
522320,WA,62667,60081,62045,60137,61353,53570,59123,50085,49295,50987,54543
54151,WA,148746,140866,148394,145798,130194,129539,121628,121567,118695,115956,114249
611420,WA,0,71868,72140,72632,68184,62646,49584,46543,44794,44556,41076
811212,WA,46370,44518,45879,47950,47149,50483,52941,46519,43844,42959,42656
811213,WA,42509,45490,43115,44051,40610,39151,36597,35712,36178,35705,31785
10,WV,252049,251068,245533,232935,223200,215281,208321,201620,195204,188504,180057
11,WV,25767,25273,24683,24259,22986,21419,20605,19365,19009,19136,17763
323115,WV,0,0,0,0,0,0,0,*,*,*,*
33411,WV,*,*,*,*,*,*,0,0,0,0,*
334611,WV,0,0,0,0,0,0,0,0,0,53322,*
423430,WV,86961,81438,77189,69054,65440,58726,54747,54606,54871,52411,51842
425110,WV,41321,37613,36729,33139,35062,28408,27629,29521,30752,30527,36920
443120,WV,0,51715,0,0,0,39847,36904,0,28933,28942,*
454111,WV,25941,0,0,0,0,0,0,0,0,0,*
51,WV,101963,99277,96691,92344,90423,87353,51869,51041,82751,79308,76506
511210,WV,85768,87151,72477,68574,61314,58082,62003,65803,60815,0,*
518,WV,41807,39993,38518,36562,35548,31731,30587,29559,33731,29337,27380
519130,WV,56233,55909,49665,57743,*,*,*,*,*,*,*
52,WV,113807,108300,106039,103331,99479,96431,91628,88771,84565,81517,79884
522320,WV,0,72068,71161,72438,28429,0,0,0,0,0,*
54151,WV,67741,66644,66543,61715,60261,53398,51354,49107,47791,45517,43052
611420,WV,0,0,0,0,67972,57033,40682,29227,27356,28869,30154
811212,WV,33485,36256,49485,47528,46992,41041,40130,40497,38716,42353,39570
811213,WV,29752,32202,33293,31325,37111,30459,29400,27799,31064,33371,35909
10,WI,267303,264617,263161,255022,247692,237897,233221,225071,216437,210181,204207
11,WI,113731,96781,62594,57731,55686,55522,53717,22945,22484,21800,21283
323115,WI,44260,38774,41342,38014,37602,35119,33939,32096,31514,30552,28738
33411,WI,57503,57104,55078,54265,50636,53089,59316,56642,53019,49203,42998
334611,WI,0,0,0,60847,0,47835,0,0,0,0,*
423430,WI,85560,83530,80185,79754,76443,73257,72585,68623,66898,64011,66194
425110,WI,78696,67974,72875,62302,56270,51717,49562,45122,46366,45534,45668
443120,WI,37688,38480,40797,40134,39273,38192,36753,35105,34156,33584,32627
454111,WI,39156,31191,33082,36942,36509,37400,0,0,0,0,*
51,WI,78931,77135,76963,74897,71453,68434,66167,62721,60494,58853,57166
511210,WI,81193,75697,77611,70837,70774,64393,63923,57580,53538,48133,45148
518,WI,65049,67963,64455,64975,59278,57201,53130,51212,50659,48402,46526
519130,WI,61641,57376,59773,60766,*,*,*,*,*,*,*
52,WI,205343,195246,190832,187659,179918,176543,171718,161477,155529,144005,145838
522320,WI,57816,51860,49374,48245,47465,45298,35626,39803,37624,35224,36566
54151,WI,141917,136994,133598,128489,125590,118075,119818,61117,61252,61102,60717
611420,WI,69862,0,0,0,0,45369,37168,43822,0,0,*
811212,WI,39200,38284,40071,38647,40701,39183,38171,36339,36383,37870,38558
811213,WI,44721,40321,41413,50515,46948,41974,41822,35438,40053,33652,30495
10,WY,273608,269520,268282,256317,239876,221839,206617,201361,194042,185555,176265
11,WY,28362,27147,27651,26765,26017,24331,23044,22648,22215,22245,22134
323115,WY,0,0,0,0,0,0,0,0,0,0,*
33411,WY,0,0,0,0,0,0,0,0,0,0,*
423430,WY,53201,47934,53903,40884,36670,39348,45722,41154,34304,42647,45566
425110,WY,0,0,84991,80957,66686,61027,57987,55513,0,47144,51262
443120,WY,0,0,0,0,0,0,25882,24652,0,0,24326
454111,WY,30734,0,0,0,0,0,0,0,0,0,*
51,WY,82560,60953,59210,57017,52307,48038,47985,45259,15800,15087,44816
511210,WY,0,0,0,0,0,0,56744,83850,56588,0,*
518,WY,48081,48958,43404,38577,30736,23483,24392,23673,20522,23424,21632
519130,WY,83932,70838,92648,78008,*,*,*,*,*,*,*
52,WY,114587,109125,108506,103183,97058,96885,91808,88339,83409,83588,78131
522320,WY,40406,44542,0,0,0,0,45942,0,0,0,*
54151,WY,60738,62129,60214,57553,58793,54683,55071,54751,55654,47816,44830
611420,WY,0,*,0,0,0,0,33062,36443,38839,0,*
811212,WY,0,39838,39352,32065,30877,30219,29736,28676,35155,34003,38247
811213,WY,0,0,0,0,0,0,36319,53137,30865,31908,28661
10,PR,190443,195886,189194,185192,173350,167733,164484,159869,149176,140906,132349
11,PR,9664,9334,9170,8496,8223,8157,8027,8102,7985,7765,7506
323115,PR,26015,21473,23646,21092,22487,20768,19515,18826,19052,18640,*
33411,PR,0,0,47295,0,29309,30516,29613,0,0,0,*
334611,PR,0,0,0,0,0,0,0,0,0,0,*
423430,PR,81618,77806,78125,73988,69464,63163,60717,54854,54683,50505,49564
425110,PR,23095,22835,20278,18978,21096,23759,20834,22646,22142,21219,19440
443120,PR,31131,35590,35777,31538,29214,28849,29604,32806,32975,32043,29793
454111,PR,43280,41214,31255,27240,35095,0,0,39397,0,0,*
51,PR,39661,39810,38434,36188,35137,34334,33880,32310,32174,55293,52925
511210,PR,0,0,0,0,0,0,0,*,*,*,*
518,PR,46325,43196,43440,43326,40315,39668,39103,37874,37950,37520,35762
519130,PR,43962,46003,44307,48000,*,*,*,*,*,*,*
52,PR,108138,109740,108142,103805,98834,97791,93497,89828,88685,83718,77774
522320,PR,29608,27354,26740,24787,24141,21626,21456,17152,16779,15073,14272
54151,PR,84892,83146,81466,75048,71289,75032,75492,80648,72829,72061,71434
611420,PR,25758,24939,24070,22740,21631,21326,19714,18248,16370,20968,18442
811212,PR,25531,25807,24215,22476,21860,21342,23700,23232,20892,19083,20564
811213,PR,29702,39508,39211,27527,26770,19524,19656,25516,24244,25007,25267
10,VI,238801,224269,223408,220984,216208,200159,192939,190078,186321,176926,170367
11,VI,21455,22583,23629,0,0,0,0,0,0,0,*
323115,VI,0,0,0,0,0,0,0,*,*,*,*
33411,VI,*,*,*,*,0,0,0,0,*,*,*
334611,VI,*,*,*,*,*,*,*,0,0,0,*
425110,VI,*,*,*,*,*,*,*,*,0,0,*
443120,VI,0,0,0,0,0,0,0,0,0,0,*
454111,VI,*,*,*,*,*,*,0,0,0,0,*
51,VI,49835,46788,44590,42476,41306,0,37859,37274,34662,36596,38082
511210,VI,0,0,0,0,0,*,0,0,0,0,*
518,VI,0,0,0,0,29289,27254,26396,0,0,0,*
519130,VI,85647,49076,28919,0,*,*,*,*,*,*,*
52,VI,50360,52883,48287,111411,107205,105906,90004,90635,83518,78205,73354
522320,VI,0,0,0,0,0,0,0,0,0,0,*
54151,VI,60693,69523,67562,56408,48874,44674,48014,40827,38396,29017,*
611420,VI,*,*,*,*,*,*,*,*,0,0,*
811212,VI,0,0,23676,0,0,0,0,0,0,0,*
811213,VI,0,0,*,0,0,0,0,0,0,0,*
